Hollingsworth ,Bill,billh@uga.edu,bill.hollingsworth@mac.com,,
Jayalath,Hemadri,hemadri.jayalath@uga.edu,hemadri.jayalath@mac.com,,
Keshtgari,Manijeh,M.keshtgari@uga.edu,manijeh.keshtgari@cs.uga.edu,,
Miller,John,jamill@uga.edu,john.miller@mac.com,jam@cs.uga.edu,
Wang,Wenwen,wenwen@uga.edu,wenwen.wang@cs.uga.edu,,
Yuan,Geng,geng.yuan@uga.edu,,,
Funk ,Shelby,shelby13@uga.edu,shelby.funk@mac.com,shf@gmail.com,
Guan,Le,leguan@uga.edu,le.guan@cs.uga.edu,,
Darwiche, Alex, ard@uga.edu
