Hybinette,Maria,ingrid@uga.edu,maria.hybinette@gmail.com,maria.hybinette@mac.com,maria@cs.uga.edu
Bhandarkar,Suchi,suchi@uga.edu,suchendra.bhandarkar@cs.uga.edu,,
Lamarca,Salvatore,slamarca@uga.edu,salvatore.lamarca@cs.uga.edu,slamarca@uga.edu,salvatore.lamarca@cs.uga.edu
Peng,Hao,penghga@uga.edu,hao.peng@gmail.com,
Taha,Thiab,trtaha@uga.edu,thiab.taha@gmail.com
